/did	1000000
/kind	1000000
/time_us	1000000
/commit/collection	994672
/commit/operation	994672
/commit/rev	994672
/commit/rkey	994672
/commit/cid	961460
/commit/record/$type	961460
/commit/record/createdAt	960478
/commit/record/subject/cid	501516
/commit/record/subject/uri	501516
/commit/record/subject	360244
/commit/record/text	86819
/commit/record/langs/_	77450
/commit/record/reply/parent/cid	45434
/commit/record/reply/parent/uri	45434
/commit/record/reply/root/cid	45434
/commit/record/reply/root/uri	45434
/commit/record/embed/$type	28719
