/commit/record/skyfeedBuilder/blocks/_/postUri	8	11
/commit/record/hiddenReplies/_	7.946	50
/commit/record/skyfeedBuilder/blocks/_/id	6.435	26
/commit/record/skyfeedBuilder/blocks/_/type	6.435	26
/commit/record/skyfeedBuilder/blocks/_/tags/_	5.55	42
/commit/record/descriptionFacets/_/$type	3.25	10
/commit/record/descriptionFacets/_/features/_/did	3.25	10
/commit/record/skyfeedBuilder/blocks/_/labels/_	3.167	6
/commit/record/skyfeedBuilder/blocks/_/action	3	4
/commit/record/facets/_/features/_/tag	2.64	37
