rep	arm	step	level	tile	cache_hits	cache_misses	server_us	result_rows	ms_since_arm_start
1	bbox-sd1	s01-overview-z7	0		0	1	14760	11655	15
1	bbox-sd1	s01-overview-z7	1		0	1	71310	83479	88
1	bbox-sd1	s01-overview-z7	2		0	1	153165	235392	244
1	bbox-sd1	s02-zoom-in-z8	0		0	1	13074	7186	260
1	bbox-sd1	s02-zoom-in-z8	1		0	1	53297	61939	314
1	bbox-sd1	s02-zoom-in-z8	2		0	1	142868	322747	460
1	bbox-sd1	s03-zurich-z9	0		0	1	21419	2925	486
1	bbox-sd1	s03-zurich-z9	1		0	1	32876	25761	520
1	bbox-sd1	s03-zurich-z9	2		0	1	95290	176298	617
1	bbox-sd1	s04-pan-east-third	0		0	1	12065	2496	633
1	bbox-sd1	s04-pan-east-third	1		0	1	18250	22039	652
1	bbox-sd1	s04-pan-east-third	2		0	1	75349	154686	729
1	bbox-sd1	s05-pan-east-two-thirds	0		0	1	11345	1133	743
1	bbox-sd1	s05-pan-east-two-thirds	1		0	1	15242	11111	760
1	bbox-sd1	s05-pan-east-two-thirds	2		0	1	87876	87277	849
1	bbox-sd1	s06-pan-south-half	0		0	1	17920	965	872
1	bbox-sd1	s06-pan-south-half	1		0	1	32606	9142	906
1	bbox-sd1	s06-pan-south-half	2		0	1	69919	73939	978
1	bbox-sd1	s07-pan-back-to-s03	0		1	0	2291	2925	983
1	bbox-sd1	s07-pan-back-to-s03	1		1	0	4525	25761	990
1	bbox-sd1	s07-pan-back-to-s03	2		0	1	80720	176298	1071
1	bbox-sd1	s08-zoom-out-z8	0		0	1	12281	7069	1087
1	bbox-sd1	s08-zoom-out-z8	1		0	1	63905	61147	1154
1	bbox-sd1	s08-zoom-out-z8	2		0	1	149539	322172	1307
1	bbox-sd1	s09-zoom-in-z9-revisit	0		1	0	2494	2925	1313
1	bbox-sd1	s09-zoom-in-z9-revisit	1		1	0	4878	25761	1321
1	bbox-sd1	s09-zoom-in-z9-revisit	2		0	1	98500	176298	1421
1	bbox-sd1	s10-zoom-in-z10	0		0	1	14133	1324	1439
1	bbox-sd1	s10-zoom-in-z10	1		0	1	15303	11126	1455
1	bbox-sd1	s10-zoom-in-z10	2		0	1	61592	84403	1518
1	bbox-sd1	s11-back-to-s01	0		1	0	3226	11655	1525
1	bbox-sd1	s11-back-to-s01	1		1	0	10216	83479	1544
1	bbox-sd1	s11-back-to-s01	2		0	1	130385	235392	1676
2	bbox-sd1	s01-overview-z7	0		1	0	3068	11655	1682
2	bbox-sd1	s01-overview-z7	1		1	0	10361	83479	1699
2	bbox-sd1	s01-overview-z7	2		0	1	119213	235392	1820
2	bbox-sd1	s02-zoom-in-z8	0		1	0	2610	7186	1826
2	bbox-sd1	s02-zoom-in-z8	1		1	0	8186	61939	1840
2	bbox-sd1	s02-zoom-in-z8	2		0	1	107548	322747	1949
2	bbox-sd1	s03-zurich-z9	0		1	0	2204	2925	1954
2	bbox-sd1	s03-zurich-z9	1		1	0	4632	25761	1962
2	bbox-sd1	s03-zurich-z9	2		0	1	70231	176298	2033
2	bbox-sd1	s04-pan-east-third	0		1	0	2042	2496	2038
2	bbox-sd1	s04-pan-east-third	1		1	0	4095	22039	2045
2	bbox-sd1	s04-pan-east-third	2		0	1	63140	154686	2109
2	bbox-sd1	s05-pan-east-two-thirds	0		1	0	1946	1133	2114
2	bbox-sd1	s05-pan-east-two-thirds	1		1	0	2888	11111	2118
2	bbox-sd1	s05-pan-east-two-thirds	2		1	0	11053	87277	2134
2	bbox-sd1	s06-pan-south-half	0		1	0	2425	965	2138
2	bbox-sd1	s06-pan-south-half	1		1	0	2718	9142	2142
2	bbox-sd1	s06-pan-south-half	2		1	0	8860	73939	2156
2	bbox-sd1	s07-pan-back-to-s03	0		1	0	2165	2925	2160
2	bbox-sd1	s07-pan-back-to-s03	1		1	0	4420	25761	2168
2	bbox-sd1	s07-pan-back-to-s03	2		0	1	77534	176298	2247
2	bbox-sd1	s08-zoom-out-z8	0		1	0	3557	7069	2254
2	bbox-sd1	s08-zoom-out-z8	1		1	0	10065	61147	2270
2	bbox-sd1	s08-zoom-out-z8	2		0	1	130539	322172	2403
2	bbox-sd1	s09-zoom-in-z9-revisit	0		1	0	2526	2925	2409
2	bbox-sd1	s09-zoom-in-z9-revisit	1		1	0	4699	25761	2417
2	bbox-sd1	s09-zoom-in-z9-revisit	2		0	1	76748	176298	2495
2	bbox-sd1	s10-zoom-in-z10	0		1	0	1963	1324	2500
2	bbox-sd1	s10-zoom-in-z10	1		1	0	2904	11126	2504
2	bbox-sd1	s10-zoom-in-z10	2		1	0	10314	84403	2521
2	bbox-sd1	s11-back-to-s01	0		1	0	3420	11655	2526
2	bbox-sd1	s11-back-to-s01	1		1	0	9257	83479	2542
2	bbox-sd1	s11-back-to-s01	2		0	1	106743	235392	2651
1	tile1024	s01-overview-z7	0	5/16/10	0	1	10513	190	12
1	tile1024	s01-overview-z7	1	5/16/10	0	1	10588	1381	24
1	tile1024	s01-overview-z7	2	5/16/10	0	1	12291	4379	38
1	tile1024	s01-overview-z7	0	5/17/10	0	1	10522	21	49
1	tile1024	s01-overview-z7	1	5/17/10	0	1	10388	205	60
1	tile1024	s01-overview-z7	2	5/17/10	0	1	10160	701	71
1	tile1024	s01-overview-z7	0	5/16/11	0	1	12599	9913	85
1	tile1024	s01-overview-z7	1	5/16/11	0	1	46495	71002	133
1	tile1024	s01-overview-z7	2	5/16/11	0	1	93833	200925	229
1	tile1024	s01-overview-z7	0	5/17/11	0	1	10397	1531	242
1	tile1024	s01-overview-z7	1	5/17/11	0	1	12471	10891	255
1	tile1024	s01-overview-z7	2	5/17/11	0	1	44747	29387	301
1	tile1024	s02-zoom-in-z8	0	6/33/22	0	1	13304	10225	316
1	tile1024	s02-zoom-in-z8	1	6/33/22	0	1	49386	88463	366
1	tile1024	s02-zoom-in-z8	2	6/33/22	0	1	129573	473861	500
1	tile1024	s02-zoom-in-z8	0	6/34/22	0	1	10839	1634	514
1	tile1024	s02-zoom-in-z8	1	6/34/22	0	1	13769	13744	529
1	tile1024	s02-zoom-in-z8	2	6/34/22	0	1	53754	74004	584
1	tile1024	s03-zurich-z9	0	7/66/44	0	1	11112	2578	597
1	tile1024	s03-zurich-z9	1	7/66/44	0	1	16765	23953	615
1	tile1024	s03-zurich-z9	2	7/66/44	0	1	70398	185777	687
1	tile1024	s03-zurich-z9	0	7/67/44	0	1	11130	3902	701
1	tile1024	s03-zurich-z9	1	7/67/44	0	1	40397	34582	743
1	tile1024	s03-zurich-z9	2	7/67/44	0	1	88890	253601	834
1	tile1024	s03-zurich-z9	0	7/66/45	0	1	11011	2174	848
1	tile1024	s03-zurich-z9	1	7/66/45	0	1	15996	20528	866
1	tile1024	s03-zurich-z9	2	7/66/45	0	1	66367	156514	933
1	tile1024	s03-zurich-z9	0	7/67/45	0	1	10226	1850	946
1	tile1024	s03-zurich-z9	1	7/67/45	0	1	15127	17674	962
1	tile1024	s03-zurich-z9	2	7/67/45	0	1	58702	136421	1023
1	tile1024	s05-pan-east-two-thirds	0	7/68/44	0	1	10603	1140	1035
1	tile1024	s05-pan-east-two-thirds	1	7/68/44	0	1	12971	9392	1049
1	tile1024	s05-pan-east-two-thirds	2	7/68/44	0	1	49812	67558	1101
1	tile1024	s05-pan-east-two-thirds	0	7/68/45	0	1	10340	607	1113
1	tile1024	s05-pan-east-two-thirds	1	7/68/45	0	1	12889	5691	1128
1	tile1024	s05-pan-east-two-thirds	2	7/68/45	0	1	42069	46821	1171
1	tile1024	s10-zoom-in-z10	0	8/133/89	0	1	10383	1289	1183
1	tile1024	s10-zoom-in-z10	1	8/133/89	0	1	12880	12297	1197
1	tile1024	s10-zoom-in-z10	2	8/133/89	0	1	49738	102029	1248
1	tile1024	s10-zoom-in-z10	0	8/134/89	0	1	10276	1504	1260
1	tile1024	s10-zoom-in-z10	1	8/134/89	0	1	13336	12437	1275
1	tile1024	s10-zoom-in-z10	2	8/134/89	0	1	55970	98762	1331
2	tile1024	s01-overview-z7	0	5/16/10	1	0	1898	190	1336
2	tile1024	s01-overview-z7	1	5/16/10	1	0	2041	1381	1338
2	tile1024	s01-overview-z7	2	5/16/10	1	0	2199	4379	1341
2	tile1024	s01-overview-z7	0	5/17/10	1	0	1793	21	1344
2	tile1024	s01-overview-z7	1	5/17/10	1	0	1833	205	1346
2	tile1024	s01-overview-z7	2	5/17/10	1	0	1821	701	1348
2	tile1024	s01-overview-z7	0	5/16/11	1	0	2681	9913	1352
2	tile1024	s01-overview-z7	1	5/16/11	1	0	7872	71002	1365
2	tile1024	s01-overview-z7	2	5/16/11	0	1	106211	200925	1473
2	tile1024	s01-overview-z7	0	5/17/11	1	0	1949	1531	1478
2	tile1024	s01-overview-z7	1	5/17/11	1	0	2687	10891	1481
2	tile1024	s01-overview-z7	2	5/17/11	1	0	3927	29387	1488
2	tile1024	s02-zoom-in-z8	0	6/33/22	1	0	2964	10225	1493
2	tile1024	s02-zoom-in-z8	1	6/33/22	1	0	10999	88463	1510
2	tile1024	s02-zoom-in-z8	2	6/33/22	0	1	128492	473861	1640
2	tile1024	s02-zoom-in-z8	0	6/34/22	1	0	1963	1634	1646
2	tile1024	s02-zoom-in-z8	1	6/34/22	1	0	2947	13744	1651
2	tile1024	s02-zoom-in-z8	2	6/34/22	1	0	8385	74004	1665
2	tile1024	s03-zurich-z9	0	7/66/44	1	0	2540	2578	1669
2	tile1024	s03-zurich-z9	1	7/66/44	1	0	4351	23953	1676
2	tile1024	s03-zurich-z9	2	7/66/44	0	1	66054	185777	1743
2	tile1024	s03-zurich-z9	0	7/67/44	1	0	2211	3902	1749
2	tile1024	s03-zurich-z9	1	7/67/44	1	0	5295	34582	1758
2	tile1024	s03-zurich-z9	2	7/67/44	0	1	80803	253601	1840
2	tile1024	s03-zurich-z9	0	7/66/45	1	0	2039	2174	1845
2	tile1024	s03-zurich-z9	1	7/66/45	1	0	3856	20528	1851
2	tile1024	s03-zurich-z9	2	7/66/45	0	1	63963	156514	1916
2	tile1024	s03-zurich-z9	0	7/67/45	1	0	2074	1850	1921
2	tile1024	s03-zurich-z9	1	7/67/45	1	0	3710	17674	1927
2	tile1024	s03-zurich-z9	2	7/67/45	1	0	15663	136421	1948
2	tile1024	s05-pan-east-two-thirds	0	7/68/44	1	0	2017	1140	1951
2	tile1024	s05-pan-east-two-thirds	1	7/68/44	1	0	2798	9392	1956
2	tile1024	s05-pan-east-two-thirds	2	7/68/44	1	0	8113	67558	1970
2	tile1024	s05-pan-east-two-thirds	0	7/68/45	1	0	1988	607	1973
2	tile1024	s05-pan-east-two-thirds	1	7/68/45	1	0	2398	5691	1976
2	tile1024	s05-pan-east-two-thirds	2	7/68/45	1	0	5878	46821	1986
2	tile1024	s10-zoom-in-z10	0	8/133/89	1	0	2381	1289	1989
2	tile1024	s10-zoom-in-z10	1	8/133/89	1	0	3164	12297	1994
2	tile1024	s10-zoom-in-z10	2	8/133/89	1	0	12124	102029	2012
2	tile1024	s10-zoom-in-z10	0	8/134/89	1	0	2138	1504	2015
2	tile1024	s10-zoom-in-z10	1	8/134/89	1	0	3111	12437	2020
2	tile1024	s10-zoom-in-z10	2	8/134/89	1	0	11847	98762	2037
1	tile512	s01-overview-z7	0	6/33/22	0	1	13257	9797	13
1	tile512	s01-overview-z7	1	6/33/22	0	1	47576	70007	62
1	tile512	s01-overview-z7	2	6/33/22	0	1	99385	197165	165
1	tile512	s01-overview-z7	0	6/33/21	0	1	10566	187	177
1	tile512	s01-overview-z7	1	6/33/21	0	1	13059	1377	191
1	tile512	s01-overview-z7	2	6/33/21	0	1	11891	4331	204
1	tile512	s01-overview-z7	0	6/32/22	0	1	9664	116	214
1	tile512	s01-overview-z7	1	6/32/22	0	1	10234	995	226
1	tile512	s01-overview-z7	2	6/32/22	0	1	11668	3760	238
1	tile512	s01-overview-z7	0	6/34/22	0	1	9994	1531	249
1	tile512	s01-overview-z7	1	6/34/22	0	1	12970	10891	264
1	tile512	s01-overview-z7	2	6/34/22	0	1	44304	29387	309
1	tile512	s01-overview-z7	0	6/33/23	0	1	8441	0	319
1	tile512	s01-overview-z7	1	6/33/23	0	1	8458	0	328
1	tile512	s01-overview-z7	2	6/33/23	0	1	8717	0	337
1	tile512	s01-overview-z7	0	6/32/21	0	1	9935	3	348
1	tile512	s01-overview-z7	1	6/32/21	0	1	9927	4	359
1	tile512	s01-overview-z7	2	6/32/21	0	1	10688	48	370
1	tile512	s01-overview-z7	0	6/34/21	0	1	9526	21	381
1	tile512	s01-overview-z7	1	6/34/21	0	1	10215	205	392
1	tile512	s01-overview-z7	2	6/34/21	0	1	10360	701	403
1	tile512	s01-overview-z7	0	6/32/23	0	1	8421	0	412
1	tile512	s01-overview-z7	1	6/32/23	0	1	8293	0	421
1	tile512	s01-overview-z7	2	6/32/23	0	1	8537	0	431
1	tile512	s01-overview-z7	0	6/34/23	0	1	8768	0	440
1	tile512	s01-overview-z7	1	6/34/23	0	1	8580	0	450
1	tile512	s01-overview-z7	2	6/34/23	0	1	8451	0	459
1	tile512	s02-zoom-in-z8	0	7/67/44	0	1	11531	3741	471
1	tile512	s02-zoom-in-z8	1	7/67/44	0	1	38006	31232	510
1	tile512	s02-zoom-in-z8	2	7/67/44	0	1	67643	156783	580
1	tile512	s02-zoom-in-z8	0	7/67/45	0	1	10128	1813	593
1	tile512	s02-zoom-in-z8	1	7/67/45	0	1	14019	16237	608
1	tile512	s02-zoom-in-z8	2	7/67/45	0	1	56911	91031	666
1	tile512	s02-zoom-in-z8	0	7/66/44	0	1	11395	2542	680
1	tile512	s02-zoom-in-z8	1	7/66/44	0	1	15542	22069	697
1	tile512	s02-zoom-in-z8	2	7/66/44	0	1	59457	123204	758
1	tile512	s02-zoom-in-z8	0	7/68/44	0	1	10100	1029	770
1	tile512	s02-zoom-in-z8	1	7/68/44	0	1	12509	8388	784
1	tile512	s02-zoom-in-z8	2	7/68/44	0	1	45977	42530	830
1	tile512	s02-zoom-in-z8	0	7/66/45	0	1	10958	2129	843
1	tile512	s02-zoom-in-z8	1	7/66/45	0	1	15204	18925	860
1	tile512	s02-zoom-in-z8	2	7/66/45	0	1	60553	102843	921
1	tile512	s02-zoom-in-z8	0	7/68/45	0	1	10145	605	933
1	tile512	s02-zoom-in-z8	1	7/68/45	0	1	11922	5356	947
1	tile512	s02-zoom-in-z8	2	7/68/45	0	1	38610	31474	987
1	tile512	s03-zurich-z9	0	8/134/89	0	1	10497	1393	999
1	tile512	s03-zurich-z9	1	8/134/89	0	1	13677	11443	1014
1	tile512	s03-zurich-z9	2	8/134/89	0	1	56159	76849	1071
1	tile512	s03-zurich-z9	0	8/134/88	0	1	10500	1073	1083
1	tile512	s03-zurich-z9	1	8/134/88	0	1	12584	9348	1097
1	tile512	s03-zurich-z9	2	8/134/88	0	1	51166	69772	1149
1	tile512	s03-zurich-z9	0	8/133/89	0	1	10162	1273	1161
1	tile512	s03-zurich-z9	1	8/133/89	0	1	12810	11735	1175
1	tile512	s03-zurich-z9	2	8/133/89	0	1	49967	80183	1226
1	tile512	s03-zurich-z9	0	8/135/89	0	1	10105	688	1239
1	tile512	s03-zurich-z9	1	8/135/89	0	1	12201	6833	1252
1	tile512	s03-zurich-z9	2	8/135/89	0	1	44975	53937	1299
1	tile512	s03-zurich-z9	0	8/134/90	0	1	10371	426	1311
1	tile512	s03-zurich-z9	1	8/134/90	0	1	11314	4443	1323
1	tile512	s03-zurich-z9	2	8/134/90	0	1	38868	34144	1363
1	tile512	s03-zurich-z9	0	8/133/88	0	1	9738	409	1375
1	tile512	s03-zurich-z9	1	8/133/88	0	1	11060	3828	1387
1	tile512	s03-zurich-z9	2	8/133/88	0	1	38969	31462	1427
1	tile512	s03-zurich-z9	0	8/135/88	0	1	11295	748	1440
1	tile512	s03-zurich-z9	1	8/135/88	0	1	13023	6958	1454
1	tile512	s03-zurich-z9	2	8/135/88	0	1	49289	53043	1505
1	tile512	s03-zurich-z9	0	8/133/90	0	1	10242	555	1517
1	tile512	s03-zurich-z9	1	8/133/90	0	1	11589	5347	1530
1	tile512	s03-zurich-z9	2	8/133/90	0	1	44248	38878	1576
1	tile512	s03-zurich-z9	0	8/135/90	0	1	11358	466	1589
1	tile512	s03-zurich-z9	1	8/135/90	0	1	12200	4473	1602
1	tile512	s03-zurich-z9	2	8/135/90	0	1	41900	37032	1645
1	tile512	s05-pan-east-two-thirds	0	8/136/89	0	1	9883	392	1657
1	tile512	s05-pan-east-two-thirds	1	8/136/89	0	1	11389	3927	1670
1	tile512	s05-pan-east-two-thirds	2	8/136/89	0	1	37375	30548	1708
1	tile512	s05-pan-east-two-thirds	0	8/136/88	0	1	10057	748	1720
1	tile512	s05-pan-east-two-thirds	1	8/136/88	0	1	11425	5465	1732
1	tile512	s05-pan-east-two-thirds	2	8/136/88	0	1	44093	37010	1777
1	tile512	s05-pan-east-two-thirds	0	8/137/89	0	1	8623	0	1788
1	tile512	s05-pan-east-two-thirds	1	8/137/89	0	1	8519	0	1797
1	tile512	s05-pan-east-two-thirds	2	8/137/89	0	1	8668	0	1806
1	tile512	s05-pan-east-two-thirds	0	8/136/90	0	1	10377	355	1818
1	tile512	s05-pan-east-two-thirds	1	8/136/90	0	1	11290	3460	1830
1	tile512	s05-pan-east-two-thirds	2	8/136/90	0	1	38833	28135	1870
1	tile512	s05-pan-east-two-thirds	0	8/137/88	0	1	8570	0	1880
1	tile512	s05-pan-east-two-thirds	1	8/137/88	0	1	8955	0	1890
1	tile512	s05-pan-east-two-thirds	2	8/137/88	0	1	8409	0	1899
1	tile512	s05-pan-east-two-thirds	0	8/137/90	0	1	8759	0	1909
1	tile512	s05-pan-east-two-thirds	1	8/137/90	0	1	8451	0	1918
1	tile512	s05-pan-east-two-thirds	2	8/137/90	0	1	8586	0	1927
1	tile512	s10-zoom-in-z10	0	9/268/178	0	1	10517	322	1938
1	tile512	s10-zoom-in-z10	1	9/268/178	0	1	11401	3084	1951
1	tile512	s10-zoom-in-z10	2	9/268/178	0	1	36750	25805	1989
1	tile512	s10-zoom-in-z10	0	9/268/179	0	1	10248	726	2001
1	tile512	s10-zoom-in-z10	1	9/268/179	0	1	11943	5150	2014
1	tile512	s10-zoom-in-z10	2	9/268/179	0	1	42172	36142	2057
1	tile512	s10-zoom-in-z10	0	9/267/178	0	1	10143	185	2069
1	tile512	s10-zoom-in-z10	1	9/267/178	0	1	11206	1837	2081
1	tile512	s10-zoom-in-z10	2	9/267/178	0	1	15195	16613	2099
1	tile512	s10-zoom-in-z10	0	9/269/178	0	1	10633	264	2110
1	tile512	s10-zoom-in-z10	1	9/269/178	0	1	11464	2464	2122
1	tile512	s10-zoom-in-z10	2	9/269/178	0	1	37995	21386	2161
1	tile512	s10-zoom-in-z10	0	9/267/179	0	1	10510	508	2173
1	tile512	s10-zoom-in-z10	1	9/267/179	0	1	12143	4936	2186
1	tile512	s10-zoom-in-z10	2	9/267/179	0	1	47470	39271	2235
1	tile512	s10-zoom-in-z10	0	9/269/179	0	1	10455	192	2248
1	tile512	s10-zoom-in-z10	1	9/269/179	0	1	11377	1739	2260
1	tile512	s10-zoom-in-z10	2	9/269/179	0	1	15908	15429	2278
2	tile512	s01-overview-z7	0	6/33/22	1	0	2835	9797	2282
2	tile512	s01-overview-z7	1	6/33/22	1	0	8077	70007	2296
2	tile512	s01-overview-z7	2	6/33/22	0	1	122754	197165	2420
2	tile512	s01-overview-z7	0	6/33/21	1	0	1971	187	2425
2	tile512	s01-overview-z7	1	6/33/21	1	0	1999	1377	2428
2	tile512	s01-overview-z7	2	6/33/21	1	0	2217	4331	2431
2	tile512	s01-overview-z7	0	6/32/22	1	0	2183	116	2433
2	tile512	s01-overview-z7	1	6/32/22	1	0	1966	995	2436
2	tile512	s01-overview-z7	2	6/32/22	1	0	2091	3760	2439
2	tile512	s01-overview-z7	0	6/34/22	1	0	2100	1531	2442
2	tile512	s01-overview-z7	1	6/34/22	1	0	2912	10891	2448
2	tile512	s01-overview-z7	2	6/34/22	1	0	4021	29387	2455
2	tile512	s01-overview-z7	0	6/33/23	1	0	1882	0	2457
2	tile512	s01-overview-z7	1	6/33/23	1	0	1672	0	2460
2	tile512	s01-overview-z7	2	6/33/23	1	0	1690	0	2462
2	tile512	s01-overview-z7	0	6/32/21	1	0	1856	3	2464
2	tile512	s01-overview-z7	1	6/32/21	1	0	1834	4	2467
2	tile512	s01-overview-z7	2	6/32/21	1	0	1771	48	2469
2	tile512	s01-overview-z7	0	6/34/21	1	0	1891	21	2471
2	tile512	s01-overview-z7	1	6/34/21	1	0	1843	205	2474
2	tile512	s01-overview-z7	2	6/34/21	1	0	1833	701	2476
2	tile512	s01-overview-z7	0	6/32/23	1	0	1665	0	2478
2	tile512	s01-overview-z7	1	6/32/23	1	0	1756	0	2480
2	tile512	s01-overview-z7	2	6/32/23	1	0	1783	0	2483
2	tile512	s01-overview-z7	0	6/34/23	1	0	1711	0	2485
2	tile512	s01-overview-z7	1	6/34/23	1	0	1771	0	2487
2	tile512	s01-overview-z7	2	6/34/23	1	0	1655	0	2490
2	tile512	s02-zoom-in-z8	0	7/67/44	1	0	2265	3741	2493
2	tile512	s02-zoom-in-z8	1	7/67/44	1	0	4650	31232	2501
2	tile512	s02-zoom-in-z8	2	7/67/44	0	1	89060	156783	2592
2	tile512	s02-zoom-in-z8	0	7/67/45	1	0	2249	1813	2597
2	tile512	s02-zoom-in-z8	1	7/67/45	1	0	3522	16237	2602
2	tile512	s02-zoom-in-z8	2	7/67/45	1	0	10093	91031	2618
2	tile512	s02-zoom-in-z8	0	7/66/44	1	0	2219	2542	2621
2	tile512	s02-zoom-in-z8	1	7/66/44	1	0	3696	22069	2627
2	tile512	s02-zoom-in-z8	2	7/66/44	1	0	18254	123204	2651
2	tile512	s02-zoom-in-z8	0	7/68/44	1	0	2727	1029	2655
2	tile512	s02-zoom-in-z8	1	7/68/44	1	0	3517	8388	2659
2	tile512	s02-zoom-in-z8	2	7/68/44	1	0	4978	42530	2668
2	tile512	s02-zoom-in-z8	0	7/66/45	1	0	2165	2129	2671
2	tile512	s02-zoom-in-z8	1	7/66/45	1	0	3836	18925	2678
2	tile512	s02-zoom-in-z8	2	7/66/45	1	0	11021	102843	2695
2	tile512	s02-zoom-in-z8	0	7/68/45	1	0	2225	605	2698
2	tile512	s02-zoom-in-z8	1	7/68/45	1	0	2427	5356	2702
2	tile512	s02-zoom-in-z8	2	7/68/45	1	0	4361	31474	2709
2	tile512	s03-zurich-z9	0	8/134/89	1	0	2193	1393	2713
2	tile512	s03-zurich-z9	1	8/134/89	1	0	2984	11443	2717
2	tile512	s03-zurich-z9	2	8/134/89	1	0	9914	76849	2734
2	tile512	s03-zurich-z9	0	8/134/88	1	0	2855	1073	2737
2	tile512	s03-zurich-z9	1	8/134/88	1	0	3756	9348	2743
2	tile512	s03-zurich-z9	2	8/134/88	1	0	10902	69772	2759
2	tile512	s03-zurich-z9	0	8/133/89	1	0	2660	1273	2763
2	tile512	s03-zurich-z9	1	8/133/89	1	0	4103	11735	2769
2	tile512	s03-zurich-z9	2	8/133/89	1	0	12635	80183	2787
2	tile512	s03-zurich-z9	0	8/135/89	1	0	2175	688	2790
2	tile512	s03-zurich-z9	1	8/135/89	1	0	2765	6833	2794
2	tile512	s03-zurich-z9	2	8/135/89	1	0	7259	53937	2806
2	tile512	s03-zurich-z9	0	8/134/90	1	0	2023	426	2809
2	tile512	s03-zurich-z9	1	8/134/90	1	0	2302	4443	2812
2	tile512	s03-zurich-z9	2	8/134/90	1	0	4789	34144	2820
2	tile512	s03-zurich-z9	0	8/133/88	1	0	1975	409	2823
2	tile512	s03-zurich-z9	1	8/133/88	1	0	2306	3828	2826
2	tile512	s03-zurich-z9	2	8/133/88	1	0	4677	31462	2834
2	tile512	s03-zurich-z9	0	8/135/88	1	0	2171	748	2837
2	tile512	s03-zurich-z9	1	8/135/88	1	0	2524	6958	2841
2	tile512	s03-zurich-z9	2	8/135/88	1	0	6600	53043	2852
2	tile512	s03-zurich-z9	0	8/133/90	1	0	2386	555	2855
2	tile512	s03-zurich-z9	1	8/133/90	1	0	2326	5347	2859
2	tile512	s03-zurich-z9	2	8/133/90	1	0	5303	38878	2869
2	tile512	s03-zurich-z9	0	8/135/90	1	0	2223	466	2871
2	tile512	s03-zurich-z9	1	8/135/90	1	0	2175	4473	2875
2	tile512	s03-zurich-z9	2	8/135/90	1	0	4839	37032	2884
2	tile512	s05-pan-east-two-thirds	0	8/136/89	1	0	2213	392	2887
2	tile512	s05-pan-east-two-thirds	1	8/136/89	1	0	2637	3927	2890
2	tile512	s05-pan-east-two-thirds	2	8/136/89	1	0	4780	30548	2899
2	tile512	s05-pan-east-two-thirds	0	8/136/88	1	0	2105	748	2902
2	tile512	s05-pan-east-two-thirds	1	8/136/88	1	0	2630	5465	2905
2	tile512	s05-pan-east-two-thirds	2	8/136/88	1	0	5068	37010	2914
2	tile512	s05-pan-east-two-thirds	0	8/137/89	1	0	2324	0	2917
2	tile512	s05-pan-east-two-thirds	1	8/137/89	1	0	1742	0	2919
2	tile512	s05-pan-east-two-thirds	2	8/137/89	1	0	1758	0	2922
2	tile512	s05-pan-east-two-thirds	0	8/136/90	1	0	1918	355	2924
2	tile512	s05-pan-east-two-thirds	1	8/136/90	1	0	2174	3460	2927
2	tile512	s05-pan-east-two-thirds	2	8/136/90	1	0	4163	28135	2934
2	tile512	s05-pan-east-two-thirds	0	8/137/88	1	0	2362	0	2938
2	tile512	s05-pan-east-two-thirds	1	8/137/88	1	0	2255	0	2941
2	tile512	s05-pan-east-two-thirds	2	8/137/88	1	0	2263	0	2943
2	tile512	s05-pan-east-two-thirds	0	8/137/90	1	0	2350	0	2946
2	tile512	s05-pan-east-two-thirds	1	8/137/90	1	0	2324	0	2949
2	tile512	s05-pan-east-two-thirds	2	8/137/90	1	0	2346	0	2952
2	tile512	s10-zoom-in-z10	0	9/268/178	1	0	2641	322	2956
2	tile512	s10-zoom-in-z10	1	9/268/178	1	0	2868	3084	2960
2	tile512	s10-zoom-in-z10	2	9/268/178	1	0	5661	25805	2968
2	tile512	s10-zoom-in-z10	0	9/268/179	1	0	2683	726	2972
2	tile512	s10-zoom-in-z10	1	9/268/179	1	0	2504	5150	2975
2	tile512	s10-zoom-in-z10	2	9/268/179	1	0	5188	36142	2984
2	tile512	s10-zoom-in-z10	0	9/267/178	1	0	2050	185	2986
2	tile512	s10-zoom-in-z10	1	9/267/178	1	0	2065	1837	2989
2	tile512	s10-zoom-in-z10	2	9/267/178	1	0	3207	16613	2995
2	tile512	s10-zoom-in-z10	0	9/269/178	1	0	2016	264	2997
2	tile512	s10-zoom-in-z10	1	9/269/178	1	0	2094	2464	3000
2	tile512	s10-zoom-in-z10	2	9/269/178	1	0	3915	21386	3006
2	tile512	s10-zoom-in-z10	0	9/267/179	1	0	1925	508	3009
2	tile512	s10-zoom-in-z10	1	9/267/179	1	0	2238	4936	3012
2	tile512	s10-zoom-in-z10	2	9/267/179	1	0	5431	39271	3021
2	tile512	s10-zoom-in-z10	0	9/269/179	1	0	2305	192	3024
2	tile512	s10-zoom-in-z10	1	9/269/179	1	0	2013	1739	3027
2	tile512	s10-zoom-in-z10	2	9/269/179	1	0	3158	15429	3032
1	tile1024-nocache	s01-overview-z7	0	5/16/10	0	1	10792	190	11
1	tile1024-nocache	s01-overview-z7	1	5/16/10	0	1	10773	1381	23
1	tile1024-nocache	s01-overview-z7	2	5/16/10	0	1	12324	4379	37
1	tile1024-nocache	s01-overview-z7	0	5/17/10	0	1	10927	21	48
1	tile1024-nocache	s01-overview-z7	1	5/17/10	0	1	11194	205	61
1	tile1024-nocache	s01-overview-z7	2	5/17/10	0	1	10901	701	73
1	tile1024-nocache	s01-overview-z7	0	5/16/11	0	1	14205	9913	88
1	tile1024-nocache	s01-overview-z7	1	5/16/11	0	1	46733	71002	136
1	tile1024-nocache	s01-overview-z7	2	5/16/11	0	1	109085	200925	248
1	tile1024-nocache	s01-overview-z7	0	5/17/11	0	1	13091	1531	264
1	tile1024-nocache	s01-overview-z7	1	5/17/11	0	1	13440	10891	279
1	tile1024-nocache	s01-overview-z7	2	5/17/11	0	1	52353	29387	332
1	tile1024-nocache	s02-zoom-in-z8	0	6/33/22	0	1	13645	10225	348
1	tile1024-nocache	s02-zoom-in-z8	1	6/33/22	0	1	52367	88463	401
1	tile1024-nocache	s02-zoom-in-z8	2	6/33/22	0	1	152059	473861	558
1	tile1024-nocache	s02-zoom-in-z8	0	6/34/22	0	1	13784	1634	580
1	tile1024-nocache	s02-zoom-in-z8	1	6/34/22	0	1	17208	13744	598
1	tile1024-nocache	s02-zoom-in-z8	2	6/34/22	0	1	63202	74004	663
1	tile1024-nocache	s03-zurich-z9	0	7/66/44	0	1	13996	2578	679
1	tile1024-nocache	s03-zurich-z9	1	7/66/44	0	1	21611	23953	702
1	tile1024-nocache	s03-zurich-z9	2	7/66/44	0	1	82345	185777	787
1	tile1024-nocache	s03-zurich-z9	0	7/67/44	0	1	11577	3902	801
1	tile1024-nocache	s03-zurich-z9	1	7/67/44	0	1	39195	34582	842
1	tile1024-nocache	s03-zurich-z9	2	7/67/44	0	1	96589	253601	941
1	tile1024-nocache	s03-zurich-z9	0	7/66/45	0	1	11974	2174	957
1	tile1024-nocache	s03-zurich-z9	1	7/66/45	0	1	17011	20528	975
1	tile1024-nocache	s03-zurich-z9	2	7/66/45	0	1	69941	156514	1047
1	tile1024-nocache	s03-zurich-z9	0	7/67/45	0	1	11698	1850	1062
1	tile1024-nocache	s03-zurich-z9	1	7/67/45	0	1	18430	17674	1082
1	tile1024-nocache	s03-zurich-z9	2	7/67/45	0	1	69603	136421	1152
1	tile1024-nocache	s05-pan-east-two-thirds	0	7/68/44	0	1	11214	1140	1167
1	tile1024-nocache	s05-pan-east-two-thirds	1	7/68/44	0	1	14125	9392	1182
1	tile1024-nocache	s05-pan-east-two-thirds	2	7/68/44	0	1	55249	67558	1239
1	tile1024-nocache	s05-pan-east-two-thirds	0	7/68/45	0	1	10463	607	1251
1	tile1024-nocache	s05-pan-east-two-thirds	1	7/68/45	0	1	12489	5691	1265
1	tile1024-nocache	s05-pan-east-two-thirds	2	7/68/45	0	1	43392	46821	1309
1	tile1024-nocache	s08-zoom-out-z8	0	6/33/22	1	0	3352	10225	1315
1	tile1024-nocache	s08-zoom-out-z8	1	6/33/22	1	0	11802	88463	1335
1	tile1024-nocache	s08-zoom-out-z8	2	6/33/22	0	1	152106	473861	1489
1	tile1024-nocache	s08-zoom-out-z8	0	6/34/22	1	0	2145	1634	1496
1	tile1024-nocache	s08-zoom-out-z8	1	6/34/22	1	0	3266	13744	1501
1	tile1024-nocache	s08-zoom-out-z8	2	6/34/22	1	0	8543	74004	1515
1	tile1024-nocache	s09-zoom-in-z9-revisit	0	7/66/44	1	0	3188	2578	1519
1	tile1024-nocache	s09-zoom-in-z9-revisit	1	7/66/44	1	0	4369	23953	1527
1	tile1024-nocache	s09-zoom-in-z9-revisit	2	7/66/44	0	1	82671	185777	1611
1	tile1024-nocache	s09-zoom-in-z9-revisit	0	7/67/44	1	0	2525	3902	1617
1	tile1024-nocache	s09-zoom-in-z9-revisit	1	7/67/44	1	0	5905	34582	1627
1	tile1024-nocache	s09-zoom-in-z9-revisit	2	7/67/44	0	1	90261	253601	1719
1	tile1024-nocache	s09-zoom-in-z9-revisit	0	7/66/45	1	0	2102	2174	1724
1	tile1024-nocache	s09-zoom-in-z9-revisit	1	7/66/45	1	0	4001	20528	1730
1	tile1024-nocache	s09-zoom-in-z9-revisit	2	7/66/45	0	1	72147	156514	1804
1	tile1024-nocache	s09-zoom-in-z9-revisit	0	7/67/45	1	0	2131	1850	1809
1	tile1024-nocache	s09-zoom-in-z9-revisit	1	7/67/45	1	0	3622	17674	1815
1	tile1024-nocache	s09-zoom-in-z9-revisit	2	7/67/45	1	0	15694	136421	1837
1	tile1024-nocache	s10-zoom-in-z10	0	8/133/89	0	1	10884	1289	1849
1	tile1024-nocache	s10-zoom-in-z10	1	8/133/89	0	1	15337	12297	1865
1	tile1024-nocache	s10-zoom-in-z10	2	8/133/89	0	1	59273	102029	1926
1	tile1024-nocache	s10-zoom-in-z10	0	8/134/89	0	1	10966	1504	1939
1	tile1024-nocache	s10-zoom-in-z10	1	8/134/89	0	1	14142	12437	1954
1	tile1024-nocache	s10-zoom-in-z10	2	8/134/89	0	1	53894	98762	2010
1	tile1024-nocache	s11-back-to-s01	0	5/16/10	1	0	1840	190	2014
1	tile1024-nocache	s11-back-to-s01	1	5/16/10	1	0	2059	1381	2017
1	tile1024-nocache	s11-back-to-s01	2	5/16/10	1	0	2143	4379	2021
1	tile1024-nocache	s11-back-to-s01	0	5/17/10	1	0	1892	21	2023
1	tile1024-nocache	s11-back-to-s01	1	5/17/10	1	0	1810	205	2026
1	tile1024-nocache	s11-back-to-s01	2	5/17/10	1	0	1897	701	2028
1	tile1024-nocache	s11-back-to-s01	0	5/16/11	1	0	2683	9913	2032
1	tile1024-nocache	s11-back-to-s01	1	5/16/11	1	0	8668	71002	2046
1	tile1024-nocache	s11-back-to-s01	2	5/16/11	0	1	103011	200925	2151
1	tile1024-nocache	s11-back-to-s01	0	5/17/11	1	0	2065	1531	2156
1	tile1024-nocache	s11-back-to-s01	1	5/17/11	1	0	2725	10891	2160
1	tile1024-nocache	s11-back-to-s01	2	5/17/11	1	0	3931	29387	2167
2	tile1024-nocache	s01-overview-z7	0	5/16/10	1	0	2002	190	2169
2	tile1024-nocache	s01-overview-z7	1	5/16/10	1	0	2035	1381	2172
2	tile1024-nocache	s01-overview-z7	2	5/16/10	1	0	2110	4379	2175
2	tile1024-nocache	s01-overview-z7	0	5/17/10	1	0	1996	21	2178
2	tile1024-nocache	s01-overview-z7	1	5/17/10	1	0	1871	205	2180
2	tile1024-nocache	s01-overview-z7	2	5/17/10	1	0	1823	701	2183
2	tile1024-nocache	s01-overview-z7	0	5/16/11	1	0	2815	9913	2187
2	tile1024-nocache	s01-overview-z7	1	5/16/11	1	0	7890	71002	2201
2	tile1024-nocache	s01-overview-z7	2	5/16/11	0	1	94801	200925	2298
2	tile1024-nocache	s01-overview-z7	0	5/17/11	1	0	2019	1531	2302
2	tile1024-nocache	s01-overview-z7	1	5/17/11	1	0	2694	10891	2306
2	tile1024-nocache	s01-overview-z7	2	5/17/11	1	0	3927	29387	2314
2	tile1024-nocache	s02-zoom-in-z8	0	6/33/22	1	0	3329	10225	2319
2	tile1024-nocache	s02-zoom-in-z8	1	6/33/22	1	0	10818	88463	2335
2	tile1024-nocache	s02-zoom-in-z8	2	6/33/22	0	1	134982	473861	2473
2	tile1024-nocache	s02-zoom-in-z8	0	6/34/22	1	0	2069	1634	2480
2	tile1024-nocache	s02-zoom-in-z8	1	6/34/22	1	0	3253	13744	2486
2	tile1024-nocache	s02-zoom-in-z8	2	6/34/22	1	0	9558	74004	2501
2	tile1024-nocache	s03-zurich-z9	0	7/66/44	1	0	2391	2578	2505
2	tile1024-nocache	s03-zurich-z9	1	7/66/44	1	0	4216	23953	2512
2	tile1024-nocache	s03-zurich-z9	2	7/66/44	0	1	84419	185777	2598
2	tile1024-nocache	s03-zurich-z9	0	7/67/44	1	0	2385	3902	2604
2	tile1024-nocache	s03-zurich-z9	1	7/67/44	1	0	5637	34582	2614
2	tile1024-nocache	s03-zurich-z9	2	7/67/44	0	1	92923	253601	2708
2	tile1024-nocache	s03-zurich-z9	0	7/66/45	1	0	2027	2174	2715
2	tile1024-nocache	s03-zurich-z9	1	7/66/45	1	0	3895	20528	2721
2	tile1024-nocache	s03-zurich-z9	2	7/66/45	0	1	72076	156514	2795
2	tile1024-nocache	s03-zurich-z9	0	7/67/45	1	0	1965	1850	2801
2	tile1024-nocache	s03-zurich-z9	1	7/67/45	1	0	3695	17674	2806
2	tile1024-nocache	s03-zurich-z9	2	7/67/45	1	0	17171	136421	2830
2	tile1024-nocache	s05-pan-east-two-thirds	0	7/68/44	1	0	2379	1140	2833
2	tile1024-nocache	s05-pan-east-two-thirds	1	7/68/44	1	0	2767	9392	2838
2	tile1024-nocache	s05-pan-east-two-thirds	2	7/68/44	1	0	8033	67558	2852
2	tile1024-nocache	s05-pan-east-two-thirds	0	7/68/45	1	0	2398	607	2856
2	tile1024-nocache	s05-pan-east-two-thirds	1	7/68/45	1	0	2348	5691	2859
2	tile1024-nocache	s05-pan-east-two-thirds	2	7/68/45	1	0	6457	46821	2870
2	tile1024-nocache	s08-zoom-out-z8	0	6/33/22	1	0	2995	10225	2875
2	tile1024-nocache	s08-zoom-out-z8	1	6/33/22	1	0	10968	88463	2892
2	tile1024-nocache	s08-zoom-out-z8	2	6/33/22	0	1	175182	473861	3070
2	tile1024-nocache	s08-zoom-out-z8	0	6/34/22	1	0	2268	1634	3079
2	tile1024-nocache	s08-zoom-out-z8	1	6/34/22	1	0	3239	13744	3084
2	tile1024-nocache	s08-zoom-out-z8	2	6/34/22	1	0	9091	74004	3100
2	tile1024-nocache	s09-zoom-in-z9-revisit	0	7/66/44	1	0	2790	2578	3104
2	tile1024-nocache	s09-zoom-in-z9-revisit	1	7/66/44	1	0	4951	23953	3112
2	tile1024-nocache	s09-zoom-in-z9-revisit	2	7/66/44	0	1	81408	185777	3195
2	tile1024-nocache	s09-zoom-in-z9-revisit	0	7/67/44	1	0	2368	3902	3201
2	tile1024-nocache	s09-zoom-in-z9-revisit	1	7/67/44	1	0	5616	34582	3210
2	tile1024-nocache	s09-zoom-in-z9-revisit	2	7/67/44	0	1	107687	253601	3320
2	tile1024-nocache	s09-zoom-in-z9-revisit	0	7/66/45	1	0	2125	2174	3326
2	tile1024-nocache	s09-zoom-in-z9-revisit	1	7/66/45	1	0	4181	20528	3333
2	tile1024-nocache	s09-zoom-in-z9-revisit	2	7/66/45	0	1	75400	156514	3410
2	tile1024-nocache	s09-zoom-in-z9-revisit	0	7/67/45	1	0	2191	1850	3415
2	tile1024-nocache	s09-zoom-in-z9-revisit	1	7/67/45	1	0	3983	17674	3421
2	tile1024-nocache	s09-zoom-in-z9-revisit	2	7/67/45	1	0	19839	136421	3447
2	tile1024-nocache	s10-zoom-in-z10	0	8/133/89	1	0	2138	1289	3450
2	tile1024-nocache	s10-zoom-in-z10	1	8/133/89	1	0	3284	12297	3455
2	tile1024-nocache	s10-zoom-in-z10	2	8/133/89	1	0	13015	102029	3474
2	tile1024-nocache	s10-zoom-in-z10	0	8/134/89	1	0	2443	1504	3477
2	tile1024-nocache	s10-zoom-in-z10	1	8/134/89	1	0	3156	12437	3482
2	tile1024-nocache	s10-zoom-in-z10	2	8/134/89	1	0	11914	98762	3500
2	tile1024-nocache	s11-back-to-s01	0	5/16/10	1	0	2010	190	3503
2	tile1024-nocache	s11-back-to-s01	1	5/16/10	1	0	2058	1381	3505
2	tile1024-nocache	s11-back-to-s01	2	5/16/10	1	0	2272	4379	3509
2	tile1024-nocache	s11-back-to-s01	0	5/17/10	1	0	1850	21	3511
2	tile1024-nocache	s11-back-to-s01	1	5/17/10	1	0	1884	205	3514
2	tile1024-nocache	s11-back-to-s01	2	5/17/10	1	0	2127	701	3517
2	tile1024-nocache	s11-back-to-s01	0	5/16/11	1	0	3103	9913	3521
2	tile1024-nocache	s11-back-to-s01	1	5/16/11	1	0	9039	71002	3536
2	tile1024-nocache	s11-back-to-s01	2	5/16/11	0	1	130011	200925	3669
2	tile1024-nocache	s11-back-to-s01	0	5/17/11	1	0	2597	1531	3675
2	tile1024-nocache	s11-back-to-s01	1	5/17/11	1	0	3206	10891	3680
2	tile1024-nocache	s11-back-to-s01	2	5/17/11	1	0	4560	29387	3687
1	tile512-nocache	s01-overview-z7	0	6/33/22	0	1	16422	9797	17
1	tile512-nocache	s01-overview-z7	1	6/33/22	0	1	62260	70007	81
1	tile512-nocache	s01-overview-z7	2	6/33/22	0	1	96479	197165	180
1	tile512-nocache	s01-overview-z7	0	6/33/21	0	1	10472	187	193
1	tile512-nocache	s01-overview-z7	1	6/33/21	0	1	11313	1377	205
1	tile512-nocache	s01-overview-z7	2	6/33/21	0	1	13286	4331	220
1	tile512-nocache	s01-overview-z7	0	6/32/22	0	1	10704	116	231
1	tile512-nocache	s01-overview-z7	1	6/32/22	0	1	10852	995	243
1	tile512-nocache	s01-overview-z7	2	6/32/22	0	1	12258	3760	256
1	tile512-nocache	s01-overview-z7	0	6/34/22	0	1	11912	1531	270
1	tile512-nocache	s01-overview-z7	1	6/34/22	0	1	14521	10891	285
1	tile512-nocache	s01-overview-z7	2	6/34/22	0	1	56184	29387	343
1	tile512-nocache	s01-overview-z7	0	6/33/23	0	1	9399	0	354
1	tile512-nocache	s01-overview-z7	1	6/33/23	0	1	10098	0	365
1	tile512-nocache	s01-overview-z7	2	6/33/23	0	1	9395	0	375
1	tile512-nocache	s01-overview-z7	0	6/32/21	0	1	12068	3	388
1	tile512-nocache	s01-overview-z7	1	6/32/21	0	1	11339	4	401
1	tile512-nocache	s01-overview-z7	2	6/32/21	0	1	11128	48	413
1	tile512-nocache	s01-overview-z7	0	6/34/21	0	1	10832	21	425
1	tile512-nocache	s01-overview-z7	1	6/34/21	0	1	11367	205	438
1	tile512-nocache	s01-overview-z7	2	6/34/21	0	1	12920	701	452
1	tile512-nocache	s01-overview-z7	0	6/32/23	0	1	11251	0	464
1	tile512-nocache	s01-overview-z7	1	6/32/23	0	1	11231	0	476
1	tile512-nocache	s01-overview-z7	2	6/32/23	0	1	10747	0	488
1	tile512-nocache	s01-overview-z7	0	6/34/23	0	1	8481	0	497
1	tile512-nocache	s01-overview-z7	1	6/34/23	0	1	8515	0	506
1	tile512-nocache	s01-overview-z7	2	6/34/23	0	1	8399	0	515
1	tile512-nocache	s02-zoom-in-z8	0	7/67/44	0	1	11593	3741	528
1	tile512-nocache	s02-zoom-in-z8	1	7/67/44	0	1	43731	31232	573
1	tile512-nocache	s02-zoom-in-z8	2	7/67/44	0	1	77046	156783	652
1	tile512-nocache	s02-zoom-in-z8	0	7/67/45	0	1	10811	1813	666
1	tile512-nocache	s02-zoom-in-z8	1	7/67/45	0	1	16044	16237	684
1	tile512-nocache	s02-zoom-in-z8	2	7/67/45	0	1	57294	91031	743
1	tile512-nocache	s02-zoom-in-z8	0	7/66/44	0	1	11735	2542	757
1	tile512-nocache	s02-zoom-in-z8	1	7/66/44	0	1	16624	22069	775
1	tile512-nocache	s02-zoom-in-z8	2	7/66/44	0	1	62048	123204	838
1	tile512-nocache	s02-zoom-in-z8	0	7/68/44	0	1	10278	1029	851
1	tile512-nocache	s02-zoom-in-z8	1	7/68/44	0	1	12740	8388	865
1	tile512-nocache	s02-zoom-in-z8	2	7/68/44	0	1	51416	42530	918
1	tile512-nocache	s02-zoom-in-z8	0	7/66/45	0	1	11552	2129	932
1	tile512-nocache	s02-zoom-in-z8	1	7/66/45	0	1	15658	18925	948
1	tile512-nocache	s02-zoom-in-z8	2	7/66/45	0	1	60305	102843	1010
1	tile512-nocache	s02-zoom-in-z8	0	7/68/45	0	1	10634	605	1023
1	tile512-nocache	s02-zoom-in-z8	1	7/68/45	0	1	11533	5356	1035
1	tile512-nocache	s02-zoom-in-z8	2	7/68/45	0	1	38947	31474	1076
1	tile512-nocache	s03-zurich-z9	0	8/134/89	0	1	10480	1393	1088
1	tile512-nocache	s03-zurich-z9	1	8/134/89	0	1	14341	11443	1103
1	tile512-nocache	s03-zurich-z9	2	8/134/89	0	1	57690	76849	1162
1	tile512-nocache	s03-zurich-z9	0	8/134/88	0	1	10787	1073	1175
1	tile512-nocache	s03-zurich-z9	1	8/134/88	0	1	13327	9348	1189
1	tile512-nocache	s03-zurich-z9	2	8/134/88	0	1	53290	69772	1243
1	tile512-nocache	s03-zurich-z9	0	8/133/89	0	1	11225	1273	1257
1	tile512-nocache	s03-zurich-z9	1	8/133/89	0	1	13014	11735	1271
1	tile512-nocache	s03-zurich-z9	2	8/133/89	0	1	49312	80183	1322
1	tile512-nocache	s03-zurich-z9	0	8/135/89	0	1	10369	688	1334
1	tile512-nocache	s03-zurich-z9	1	8/135/89	0	1	12330	6833	1347
1	tile512-nocache	s03-zurich-z9	2	8/135/89	0	1	44587	53937	1393
1	tile512-nocache	s03-zurich-z9	0	8/134/90	0	1	10433	426	1405
1	tile512-nocache	s03-zurich-z9	1	8/134/90	0	1	11528	4443	1418
1	tile512-nocache	s03-zurich-z9	2	8/134/90	0	1	40487	34144	1460
1	tile512-nocache	s03-zurich-z9	0	8/133/88	0	1	10313	409	1472
1	tile512-nocache	s03-zurich-z9	1	8/133/88	0	1	11200	3828	1484
1	tile512-nocache	s03-zurich-z9	2	8/133/88	0	1	39125	31462	1524
1	tile512-nocache	s03-zurich-z9	0	8/135/88	0	1	10352	748	1536
1	tile512-nocache	s03-zurich-z9	1	8/135/88	0	1	12656	6958	1550
1	tile512-nocache	s03-zurich-z9	2	8/135/88	0	1	49884	53043	1601
1	tile512-nocache	s03-zurich-z9	0	8/133/90	0	1	10172	555	1613
1	tile512-nocache	s03-zurich-z9	1	8/133/90	0	1	11599	5347	1626
1	tile512-nocache	s03-zurich-z9	2	8/133/90	0	1	42471	38878	1669
1	tile512-nocache	s03-zurich-z9	0	8/135/90	0	1	9969	466	1681
1	tile512-nocache	s03-zurich-z9	1	8/135/90	0	1	11663	4473	1693
1	tile512-nocache	s03-zurich-z9	2	8/135/90	0	1	40683	37032	1735
1	tile512-nocache	s05-pan-east-two-thirds	0	8/136/89	0	1	9924	392	1747
1	tile512-nocache	s05-pan-east-two-thirds	1	8/136/89	0	1	11476	3927	1760
1	tile512-nocache	s05-pan-east-two-thirds	2	8/136/89	0	1	38355	30548	1799
1	tile512-nocache	s05-pan-east-two-thirds	0	8/136/88	0	1	10300	748	1811
1	tile512-nocache	s05-pan-east-two-thirds	1	8/136/88	0	1	12372	5465	1825
1	tile512-nocache	s05-pan-east-two-thirds	2	8/136/88	0	1	50463	37010	1876
1	tile512-nocache	s05-pan-east-two-thirds	0	8/137/89	0	1	8913	0	1887
1	tile512-nocache	s05-pan-east-two-thirds	1	8/137/89	0	1	8673	0	1896
1	tile512-nocache	s05-pan-east-two-thirds	2	8/137/89	0	1	8792	0	1906
1	tile512-nocache	s05-pan-east-two-thirds	0	8/136/90	0	1	10260	355	1917
1	tile512-nocache	s05-pan-east-two-thirds	1	8/136/90	0	1	10907	3460	1929
1	tile512-nocache	s05-pan-east-two-thirds	2	8/136/90	0	1	38023	28135	1968
1	tile512-nocache	s05-pan-east-two-thirds	0	8/137/88	0	1	8465	0	1978
1	tile512-nocache	s05-pan-east-two-thirds	1	8/137/88	0	1	8453	0	1988
1	tile512-nocache	s05-pan-east-two-thirds	2	8/137/88	0	1	8496	0	1997
1	tile512-nocache	s05-pan-east-two-thirds	0	8/137/90	0	1	8968	0	2007
1	tile512-nocache	s05-pan-east-two-thirds	1	8/137/90	0	1	9069	0	2016
1	tile512-nocache	s05-pan-east-two-thirds	2	8/137/90	0	1	8254	0	2026
1	tile512-nocache	s08-zoom-out-z8	0	7/67/44	1	0	2216	3741	2029
1	tile512-nocache	s08-zoom-out-z8	1	7/67/44	1	0	4701	31232	2037
1	tile512-nocache	s08-zoom-out-z8	2	7/67/44	0	1	80485	156783	2119
1	tile512-nocache	s08-zoom-out-z8	0	7/67/45	1	0	2017	1813	2123
1	tile512-nocache	s08-zoom-out-z8	1	7/67/45	1	0	3138	16237	2128
1	tile512-nocache	s08-zoom-out-z8	2	7/67/45	1	0	9305	91031	2144
1	tile512-nocache	s08-zoom-out-z8	0	7/66/44	1	0	2259	2542	2147
1	tile512-nocache	s08-zoom-out-z8	1	7/66/44	1	0	3732	22069	2154
1	tile512-nocache	s08-zoom-out-z8	2	7/66/44	1	0	12423	123204	2172
1	tile512-nocache	s08-zoom-out-z8	0	7/68/44	1	0	2288	1029	2175
1	tile512-nocache	s08-zoom-out-z8	1	7/68/44	1	0	2628	8388	2179
1	tile512-nocache	s08-zoom-out-z8	2	7/68/44	1	0	5164	42530	2188
1	tile512-nocache	s08-zoom-out-z8	0	7/66/45	1	0	2147	2129	2191
1	tile512-nocache	s08-zoom-out-z8	1	7/66/45	1	0	3519	18925	2197
1	tile512-nocache	s08-zoom-out-z8	2	7/66/45	1	0	10435	102843	2214
1	tile512-nocache	s08-zoom-out-z8	0	7/68/45	1	0	2436	605	2217
1	tile512-nocache	s08-zoom-out-z8	1	7/68/45	1	0	2213	5356	2221
1	tile512-nocache	s08-zoom-out-z8	2	7/68/45	1	0	4103	31474	2228
1	tile512-nocache	s09-zoom-in-z9-revisit	0	8/134/89	1	0	2127	1393	2231
1	tile512-nocache	s09-zoom-in-z9-revisit	1	8/134/89	1	0	2961	11443	2236
1	tile512-nocache	s09-zoom-in-z9-revisit	2	8/134/89	1	0	8672	76849	2251
1	tile512-nocache	s09-zoom-in-z9-revisit	0	8/134/88	1	0	2373	1073	2254
1	tile512-nocache	s09-zoom-in-z9-revisit	1	8/134/88	1	0	2587	9348	2258
1	tile512-nocache	s09-zoom-in-z9-revisit	2	8/134/88	1	0	8082	69772	2272
1	tile512-nocache	s09-zoom-in-z9-revisit	0	8/133/89	1	0	1981	1273	2275
1	tile512-nocache	s09-zoom-in-z9-revisit	1	8/133/89	1	0	2925	11735	2279
1	tile512-nocache	s09-zoom-in-z9-revisit	2	8/133/89	1	0	8917	80183	2295
1	tile512-nocache	s09-zoom-in-z9-revisit	0	8/135/89	1	0	2051	688	2298
1	tile512-nocache	s09-zoom-in-z9-revisit	1	8/135/89	1	0	2478	6833	2301
1	tile512-nocache	s09-zoom-in-z9-revisit	2	8/135/89	1	0	6265	53937	2313
1	tile512-nocache	s09-zoom-in-z9-revisit	0	8/134/90	1	0	1992	426	2316
1	tile512-nocache	s09-zoom-in-z9-revisit	1	8/134/90	1	0	2089	4443	2319
1	tile512-nocache	s09-zoom-in-z9-revisit	2	8/134/90	1	0	4576	34144	2327
1	tile512-nocache	s09-zoom-in-z9-revisit	0	8/133/88	1	0	2258	409	2330
1	tile512-nocache	s09-zoom-in-z9-revisit	1	8/133/88	1	0	2161	3828	2333
1	tile512-nocache	s09-zoom-in-z9-revisit	2	8/133/88	1	0	4561	31462	2341
1	tile512-nocache	s09-zoom-in-z9-revisit	0	8/135/88	1	0	2274	748	2344
1	tile512-nocache	s09-zoom-in-z9-revisit	1	8/135/88	1	0	2423	6958	2347
1	tile512-nocache	s09-zoom-in-z9-revisit	2	8/135/88	1	0	6614	53043	2359
1	tile512-nocache	s09-zoom-in-z9-revisit	0	8/133/90	1	0	1976	555	2362
1	tile512-nocache	s09-zoom-in-z9-revisit	1	8/133/90	1	0	2412	5347	2365
1	tile512-nocache	s09-zoom-in-z9-revisit	2	8/133/90	1	0	5384	38878	2374
1	tile512-nocache	s09-zoom-in-z9-revisit	0	8/135/90	1	0	2017	466	2377
1	tile512-nocache	s09-zoom-in-z9-revisit	1	8/135/90	1	0	2258	4473	2380
1	tile512-nocache	s09-zoom-in-z9-revisit	2	8/135/90	1	0	5187	37032	2389
1	tile512-nocache	s10-zoom-in-z10	0	9/268/178	0	1	9844	322	2400
1	tile512-nocache	s10-zoom-in-z10	1	9/268/178	0	1	10861	3084	2411
1	tile512-nocache	s10-zoom-in-z10	2	9/268/178	0	1	39748	25805	2452
1	tile512-nocache	s10-zoom-in-z10	0	9/268/179	0	1	10503	726	2464
1	tile512-nocache	s10-zoom-in-z10	1	9/268/179	0	1	12490	5150	2478
1	tile512-nocache	s10-zoom-in-z10	2	9/268/179	0	1	44454	36142	2523
1	tile512-nocache	s10-zoom-in-z10	0	9/267/178	0	1	10354	185	2535
1	tile512-nocache	s10-zoom-in-z10	1	9/267/178	0	1	10998	1837	2547
1	tile512-nocache	s10-zoom-in-z10	2	9/267/178	0	1	16931	16613	2565
1	tile512-nocache	s10-zoom-in-z10	0	9/269/178	0	1	10605	264	2577
1	tile512-nocache	s10-zoom-in-z10	1	9/269/178	0	1	12007	2464	2590
1	tile512-nocache	s10-zoom-in-z10	2	9/269/178	0	1	43587	21386	2634
1	tile512-nocache	s10-zoom-in-z10	0	9/267/179	0	1	14036	508	2651
1	tile512-nocache	s10-zoom-in-z10	1	9/267/179	0	1	15154	4936	2667
1	tile512-nocache	s10-zoom-in-z10	2	9/267/179	0	1	46140	39271	2715
1	tile512-nocache	s10-zoom-in-z10	0	9/269/179	0	1	11022	192	2728
1	tile512-nocache	s10-zoom-in-z10	1	9/269/179	0	1	10959	1739	2740
1	tile512-nocache	s10-zoom-in-z10	2	9/269/179	0	1	17015	15429	2758
1	tile512-nocache	s11-back-to-s01	0	6/33/22	1	0	2953	9797	2763
1	tile512-nocache	s11-back-to-s01	1	6/33/22	1	0	8467	70007	2777
1	tile512-nocache	s11-back-to-s01	2	6/33/22	0	1	110561	197165	2890
1	tile512-nocache	s11-back-to-s01	0	6/33/21	1	0	2002	187	2894
1	tile512-nocache	s11-back-to-s01	1	6/33/21	1	0	1981	1377	2897
1	tile512-nocache	s11-back-to-s01	2	6/33/21	1	0	2258	4331	2900
1	tile512-nocache	s11-back-to-s01	0	6/32/22	1	0	1855	116	2902
1	tile512-nocache	s11-back-to-s01	1	6/32/22	1	0	1971	995	2905
1	tile512-nocache	s11-back-to-s01	2	6/32/22	1	0	2282	3760	2908
1	tile512-nocache	s11-back-to-s01	0	6/34/22	1	0	2071	1531	2910
1	tile512-nocache	s11-back-to-s01	1	6/34/22	1	0	2773	10891	2915
1	tile512-nocache	s11-back-to-s01	2	6/34/22	1	0	4017	29387	2922
1	tile512-nocache	s11-back-to-s01	0	6/33/23	1	0	1743	0	2924
1	tile512-nocache	s11-back-to-s01	1	6/33/23	1	0	1742	0	2926
1	tile512-nocache	s11-back-to-s01	2	6/33/23	1	0	1739	0	2929
1	tile512-nocache	s11-back-to-s01	0	6/32/21	1	0	1918	3	2931
1	tile512-nocache	s11-back-to-s01	1	6/32/21	1	0	2017	4	2934
1	tile512-nocache	s11-back-to-s01	2	6/32/21	1	0	1864	48	2937
1	tile512-nocache	s11-back-to-s01	0	6/34/21	1	0	1812	21	2939
1	tile512-nocache	s11-back-to-s01	1	6/34/21	1	0	1854	205	2942
1	tile512-nocache	s11-back-to-s01	2	6/34/21	1	0	2085	701	2944
1	tile512-nocache	s11-back-to-s01	0	6/32/23	1	0	1786	0	2946
1	tile512-nocache	s11-back-to-s01	1	6/32/23	1	0	1738	0	2949
1	tile512-nocache	s11-back-to-s01	2	6/32/23	1	0	2371	0	2952
1	tile512-nocache	s11-back-to-s01	0	6/34/23	1	0	1847	0	2954
1	tile512-nocache	s11-back-to-s01	1	6/34/23	1	0	1741	0	2957
1	tile512-nocache	s11-back-to-s01	2	6/34/23	1	0	1727	0	2959
2	tile512-nocache	s01-overview-z7	0	6/33/22	1	0	2897	9797	2963
2	tile512-nocache	s01-overview-z7	1	6/33/22	1	0	7740	70007	2977
2	tile512-nocache	s01-overview-z7	2	6/33/22	0	1	100817	197165	3080
2	tile512-nocache	s01-overview-z7	0	6/33/21	1	0	2058	187	3084
2	tile512-nocache	s01-overview-z7	1	6/33/21	1	0	1941	1377	3086
2	tile512-nocache	s01-overview-z7	2	6/33/21	1	0	2054	4331	3090
2	tile512-nocache	s01-overview-z7	0	6/32/22	1	0	1836	116	3092
2	tile512-nocache	s01-overview-z7	1	6/32/22	1	0	1879	995	3095
2	tile512-nocache	s01-overview-z7	2	6/32/22	1	0	2209	3760	3098
2	tile512-nocache	s01-overview-z7	0	6/34/22	1	0	2248	1531	3101
2	tile512-nocache	s01-overview-z7	1	6/34/22	1	0	2726	10891	3105
2	tile512-nocache	s01-overview-z7	2	6/34/22	1	0	4431	29387	3113
2	tile512-nocache	s01-overview-z7	0	6/33/23	1	0	2105	0	3115
2	tile512-nocache	s01-overview-z7	1	6/33/23	1	0	1723	0	3118
2	tile512-nocache	s01-overview-z7	2	6/33/23	1	0	1625	0	3120
2	tile512-nocache	s01-overview-z7	0	6/32/21	1	0	1758	3	3122
2	tile512-nocache	s01-overview-z7	1	6/32/21	1	0	1806	4	3125
2	tile512-nocache	s01-overview-z7	2	6/32/21	1	0	2106	48	3127
2	tile512-nocache	s01-overview-z7	0	6/34/21	1	0	1897	21	3130
2	tile512-nocache	s01-overview-z7	1	6/34/21	1	0	1786	205	3132
2	tile512-nocache	s01-overview-z7	2	6/34/21	1	0	1887	701	3134
2	tile512-nocache	s01-overview-z7	0	6/32/23	1	0	1670	0	3137
2	tile512-nocache	s01-overview-z7	1	6/32/23	1	0	1621	0	3139
2	tile512-nocache	s01-overview-z7	2	6/32/23	1	0	1567	0	3141
2	tile512-nocache	s01-overview-z7	0	6/34/23	1	0	1656	0	3143
2	tile512-nocache	s01-overview-z7	1	6/34/23	1	0	1624	0	3145
2	tile512-nocache	s01-overview-z7	2	6/34/23	1	0	1701	0	3147
2	tile512-nocache	s02-zoom-in-z8	0	7/67/44	1	0	2255	3741	3151
2	tile512-nocache	s02-zoom-in-z8	1	7/67/44	1	0	4663	31232	3160
2	tile512-nocache	s02-zoom-in-z8	2	7/67/44	0	1	73609	156783	3235
2	tile512-nocache	s02-zoom-in-z8	0	7/67/45	1	0	1938	1813	3239
2	tile512-nocache	s02-zoom-in-z8	1	7/67/45	1	0	3130	16237	3244
2	tile512-nocache	s02-zoom-in-z8	2	7/67/45	1	0	9972	91031	3260
2	tile512-nocache	s02-zoom-in-z8	0	7/66/44	1	0	2645	2542	3265
2	tile512-nocache	s02-zoom-in-z8	1	7/66/44	1	0	3781	22069	3271
2	tile512-nocache	s02-zoom-in-z8	2	7/66/44	1	0	12615	123204	3290
2	tile512-nocache	s02-zoom-in-z8	0	7/68/44	1	0	2006	1029	3293
2	tile512-nocache	s02-zoom-in-z8	1	7/68/44	1	0	2515	8388	3297
2	tile512-nocache	s02-zoom-in-z8	2	7/68/44	1	0	5145	42530	3306
2	tile512-nocache	s02-zoom-in-z8	0	7/66/45	1	0	2078	2129	3309
2	tile512-nocache	s02-zoom-in-z8	1	7/66/45	1	0	3416	18925	3315
2	tile512-nocache	s02-zoom-in-z8	2	7/66/45	1	0	10456	102843	3332
2	tile512-nocache	s02-zoom-in-z8	0	7/68/45	1	0	2257	605	3335
2	tile512-nocache	s02-zoom-in-z8	1	7/68/45	1	0	2277	5356	3339
2	tile512-nocache	s02-zoom-in-z8	2	7/68/45	1	0	4224	31474	3345
2	tile512-nocache	s03-zurich-z9	0	8/134/89	1	0	2457	1393	3349
2	tile512-nocache	s03-zurich-z9	1	8/134/89	1	0	2944	11443	3354
2	tile512-nocache	s03-zurich-z9	2	8/134/89	1	0	8747	76849	3369
2	tile512-nocache	s03-zurich-z9	0	8/134/88	1	0	1940	1073	3372
2	tile512-nocache	s03-zurich-z9	1	8/134/88	1	0	2603	9348	3376
2	tile512-nocache	s03-zurich-z9	2	8/134/88	1	0	8089	69772	3391
2	tile512-nocache	s03-zurich-z9	0	8/133/89	1	0	2151	1273	3394
2	tile512-nocache	s03-zurich-z9	1	8/133/89	1	0	3167	11735	3398
2	tile512-nocache	s03-zurich-z9	2	8/133/89	1	0	9272	80183	3414
2	tile512-nocache	s03-zurich-z9	0	8/135/89	1	0	2248	688	3417
2	tile512-nocache	s03-zurich-z9	1	8/135/89	1	0	2575	6833	3421
2	tile512-nocache	s03-zurich-z9	2	8/135/89	1	0	6609	53937	3432
2	tile512-nocache	s03-zurich-z9	0	8/134/90	1	0	2060	426	3435
2	tile512-nocache	s03-zurich-z9	1	8/134/90	1	0	2541	4443	3438
2	tile512-nocache	s03-zurich-z9	2	8/134/90	1	0	5758	34144	3449
2	tile512-nocache	s03-zurich-z9	0	8/133/88	1	0	1972	409	3451
2	tile512-nocache	s03-zurich-z9	1	8/133/88	1	0	2652	3828	3455
2	tile512-nocache	s03-zurich-z9	2	8/133/88	1	0	5102	31462	3464
2	tile512-nocache	s03-zurich-z9	0	8/135/88	1	0	2206	748	3467
2	tile512-nocache	s03-zurich-z9	1	8/135/88	1	0	2707	6958	3471
2	tile512-nocache	s03-zurich-z9	2	8/135/88	1	0	8012	53043	3485
2	tile512-nocache	s03-zurich-z9	0	8/133/90	1	0	2100	555	3488
2	tile512-nocache	s03-zurich-z9	1	8/133/90	1	0	2506	5347	3492
2	tile512-nocache	s03-zurich-z9	2	8/133/90	1	0	5391	38878	3502
2	tile512-nocache	s03-zurich-z9	0	8/135/90	1	0	2395	466	3505
2	tile512-nocache	s03-zurich-z9	1	8/135/90	1	0	2292	4473	3508
2	tile512-nocache	s03-zurich-z9	2	8/135/90	1	0	5003	37032	3517
2	tile512-nocache	s05-pan-east-two-thirds	0	8/136/89	1	0	2233	392	3520
2	tile512-nocache	s05-pan-east-two-thirds	1	8/136/89	1	0	2236	3927	3523
2	tile512-nocache	s05-pan-east-two-thirds	2	8/136/89	1	0	4444	30548	3531
2	tile512-nocache	s05-pan-east-two-thirds	0	8/136/88	1	0	2189	748	3533
2	tile512-nocache	s05-pan-east-two-thirds	1	8/136/88	1	0	2508	5465	3537
2	tile512-nocache	s05-pan-east-two-thirds	2	8/136/88	1	0	5184	37010	3547
2	tile512-nocache	s05-pan-east-two-thirds	0	8/137/89	1	0	2130	0	3549
2	tile512-nocache	s05-pan-east-two-thirds	1	8/137/89	1	0	2024	0	3552
2	tile512-nocache	s05-pan-east-two-thirds	2	8/137/89	1	0	1904	0	3555
2	tile512-nocache	s05-pan-east-two-thirds	0	8/136/90	1	0	2316	355	3558
2	tile512-nocache	s05-pan-east-two-thirds	1	8/136/90	1	0	2850	3460	3562
2	tile512-nocache	s05-pan-east-two-thirds	2	8/136/90	1	0	4342	28135	3569
2	tile512-nocache	s05-pan-east-two-thirds	0	8/137/88	1	0	2039	0	3571
2	tile512-nocache	s05-pan-east-two-thirds	1	8/137/88	1	0	1773	0	3574
2	tile512-nocache	s05-pan-east-two-thirds	2	8/137/88	1	0	1691	0	3576
2	tile512-nocache	s05-pan-east-two-thirds	0	8/137/90	1	0	1701	0	3578
2	tile512-nocache	s05-pan-east-two-thirds	1	8/137/90	1	0	1824	0	3580
2	tile512-nocache	s05-pan-east-two-thirds	2	8/137/90	1	0	1876	0	3583
2	tile512-nocache	s08-zoom-out-z8	0	7/67/44	1	0	2155	3741	3586
2	tile512-nocache	s08-zoom-out-z8	1	7/67/44	1	0	4603	31232	3594
2	tile512-nocache	s08-zoom-out-z8	2	7/67/44	0	1	81097	156783	3677
2	tile512-nocache	s08-zoom-out-z8	0	7/67/45	1	0	2318	1813	3682
2	tile512-nocache	s08-zoom-out-z8	1	7/67/45	1	0	3350	16237	3687
2	tile512-nocache	s08-zoom-out-z8	2	7/67/45	1	0	10738	91031	3704
2	tile512-nocache	s08-zoom-out-z8	0	7/66/44	1	0	2237	2542	3708
2	tile512-nocache	s08-zoom-out-z8	1	7/66/44	1	0	3975	22069	3714
2	tile512-nocache	s08-zoom-out-z8	2	7/66/44	1	0	12565	123204	3734
2	tile512-nocache	s08-zoom-out-z8	0	7/68/44	1	0	2111	1029	3737
2	tile512-nocache	s08-zoom-out-z8	1	7/68/44	1	0	2569	8388	3741
2	tile512-nocache	s08-zoom-out-z8	2	7/68/44	1	0	5241	42530	3750
2	tile512-nocache	s08-zoom-out-z8	0	7/66/45	1	0	2051	2129	3753
2	tile512-nocache	s08-zoom-out-z8	1	7/66/45	1	0	3393	18925	3759
2	tile512-nocache	s08-zoom-out-z8	2	7/66/45	1	0	11689	102843	3777
2	tile512-nocache	s08-zoom-out-z8	0	7/68/45	1	0	2813	605	3781
2	tile512-nocache	s08-zoom-out-z8	1	7/68/45	1	0	2862	5356	3785
2	tile512-nocache	s08-zoom-out-z8	2	7/68/45	1	0	4189	31474	3792
2	tile512-nocache	s09-zoom-in-z9-revisit	0	8/134/89	1	0	2099	1393	3795
2	tile512-nocache	s09-zoom-in-z9-revisit	1	8/134/89	1	0	2866	11443	3800
2	tile512-nocache	s09-zoom-in-z9-revisit	2	8/134/89	1	0	8867	76849	3816
2	tile512-nocache	s09-zoom-in-z9-revisit	0	8/134/88	1	0	1996	1073	3819
2	tile512-nocache	s09-zoom-in-z9-revisit	1	8/134/88	1	0	2797	9348	3824
2	tile512-nocache	s09-zoom-in-z9-revisit	2	8/134/88	1	0	8061	69772	3838
2	tile512-nocache	s09-zoom-in-z9-revisit	0	8/133/89	1	0	2336	1273	3841
2	tile512-nocache	s09-zoom-in-z9-revisit	1	8/133/89	1	0	2913	11735	3845
2	tile512-nocache	s09-zoom-in-z9-revisit	2	8/133/89	1	0	8957	80183	3860
2	tile512-nocache	s09-zoom-in-z9-revisit	0	8/135/89	1	0	1997	688	3863
2	tile512-nocache	s09-zoom-in-z9-revisit	1	8/135/89	1	0	2400	6833	3867
2	tile512-nocache	s09-zoom-in-z9-revisit	2	8/135/89	1	0	7195	53937	3881
2	tile512-nocache	s09-zoom-in-z9-revisit	0	8/134/90	1	0	2153	426	3883
2	tile512-nocache	s09-zoom-in-z9-revisit	1	8/134/90	1	0	2279	4443	3887
2	tile512-nocache	s09-zoom-in-z9-revisit	2	8/134/90	1	0	4763	34144	3895
2	tile512-nocache	s09-zoom-in-z9-revisit	0	8/133/88	1	0	1905	409	3898
2	tile512-nocache	s09-zoom-in-z9-revisit	1	8/133/88	1	0	2221	3828	3901
2	tile512-nocache	s09-zoom-in-z9-revisit	2	8/133/88	1	0	4552	31462	3909
2	tile512-nocache	s09-zoom-in-z9-revisit	0	8/135/88	1	0	2021	748	3912
2	tile512-nocache	s09-zoom-in-z9-revisit	1	8/135/88	1	0	2698	6958	3916
2	tile512-nocache	s09-zoom-in-z9-revisit	2	8/135/88	1	0	6741	53043	3927
2	tile512-nocache	s09-zoom-in-z9-revisit	0	8/133/90	1	0	2063	555	3930
2	tile512-nocache	s09-zoom-in-z9-revisit	1	8/133/90	1	0	2333	5347	3933
2	tile512-nocache	s09-zoom-in-z9-revisit	2	8/133/90	1	0	5106	38878	3943
2	tile512-nocache	s09-zoom-in-z9-revisit	0	8/135/90	1	0	1905	466	3946
2	tile512-nocache	s09-zoom-in-z9-revisit	1	8/135/90	1	0	2173	4473	3949
2	tile512-nocache	s09-zoom-in-z9-revisit	2	8/135/90	1	0	4950	37032	3958
2	tile512-nocache	s10-zoom-in-z10	0	9/268/178	1	0	2358	322	3961
2	tile512-nocache	s10-zoom-in-z10	1	9/268/178	1	0	2269	3084	3964
2	tile512-nocache	s10-zoom-in-z10	2	9/268/178	1	0	4267	25805	3971
2	tile512-nocache	s10-zoom-in-z10	0	9/268/179	1	0	1977	726	3973
2	tile512-nocache	s10-zoom-in-z10	1	9/268/179	1	0	2220	5150	3976
2	tile512-nocache	s10-zoom-in-z10	2	9/268/179	1	0	5337	36142	3985
2	tile512-nocache	s10-zoom-in-z10	0	9/267/178	1	0	1940	185	3988
2	tile512-nocache	s10-zoom-in-z10	1	9/267/178	1	0	1906	1837	3991
2	tile512-nocache	s10-zoom-in-z10	2	9/267/178	1	0	3429	16613	3996
2	tile512-nocache	s10-zoom-in-z10	0	9/269/178	1	0	1972	264	3999
2	tile512-nocache	s10-zoom-in-z10	1	9/269/178	1	0	2073	2464	4002
2	tile512-nocache	s10-zoom-in-z10	2	9/269/178	1	0	3674	21386	4008
2	tile512-nocache	s10-zoom-in-z10	0	9/267/179	1	0	1861	508	4011
2	tile512-nocache	s10-zoom-in-z10	1	9/267/179	1	0	2480	4936	4015
2	tile512-nocache	s10-zoom-in-z10	2	9/267/179	1	0	5526	39271	4025
2	tile512-nocache	s10-zoom-in-z10	0	9/269/179	1	0	2175	192	4028
2	tile512-nocache	s10-zoom-in-z10	1	9/269/179	1	0	2052	1739	4030
2	tile512-nocache	s10-zoom-in-z10	2	9/269/179	1	0	3290	15429	4035
2	tile512-nocache	s11-back-to-s01	0	6/33/22	1	0	2677	9797	4039
2	tile512-nocache	s11-back-to-s01	1	6/33/22	1	0	7748	70007	4054
2	tile512-nocache	s11-back-to-s01	2	6/33/22	0	1	109918	197165	4165
2	tile512-nocache	s11-back-to-s01	0	6/33/21	1	0	1890	187	4169
2	tile512-nocache	s11-back-to-s01	1	6/33/21	1	0	1885	1377	4172
2	tile512-nocache	s11-back-to-s01	2	6/33/21	1	0	2082	4331	4175
2	tile512-nocache	s11-back-to-s01	0	6/32/22	1	0	1890	116	4178
2	tile512-nocache	s11-back-to-s01	1	6/32/22	1	0	2010	995	4180
2	tile512-nocache	s11-back-to-s01	2	6/32/22	1	0	2122	3760	4183
2	tile512-nocache	s11-back-to-s01	0	6/34/22	1	0	2048	1531	4186
2	tile512-nocache	s11-back-to-s01	1	6/34/22	1	0	2596	10891	4190
2	tile512-nocache	s11-back-to-s01	2	6/34/22	1	0	3991	29387	4197
2	tile512-nocache	s11-back-to-s01	0	6/33/23	1	0	1731	0	4199
2	tile512-nocache	s11-back-to-s01	1	6/33/23	1	0	1653	0	4201
2	tile512-nocache	s11-back-to-s01	2	6/33/23	1	0	1716	0	4203
2	tile512-nocache	s11-back-to-s01	0	6/32/21	1	0	1787	3	4206
2	tile512-nocache	s11-back-to-s01	1	6/32/21	1	0	1779	4	4208
2	tile512-nocache	s11-back-to-s01	2	6/32/21	1	0	1862	48	4210
2	tile512-nocache	s11-back-to-s01	0	6/34/21	1	0	1915	21	4213
2	tile512-nocache	s11-back-to-s01	1	6/34/21	1	0	1829	205	4215
2	tile512-nocache	s11-back-to-s01	2	6/34/21	1	0	2003	701	4218
2	tile512-nocache	s11-back-to-s01	0	6/32/23	1	0	1695	0	4221
2	tile512-nocache	s11-back-to-s01	1	6/32/23	1	0	1682	0	4223
2	tile512-nocache	s11-back-to-s01	2	6/32/23	1	0	1574	0	4225
2	tile512-nocache	s11-back-to-s01	0	6/34/23	1	0	1643	0	4227
2	tile512-nocache	s11-back-to-s01	1	6/34/23	1	0	1735	0	4229
2	tile512-nocache	s11-back-to-s01	2	6/34/23	1	0	1585	0	4231
