/commit/record/skyfeedBuilder/blocks/_/_comment	19	19
/commit/record/skyfeedBuilder/blocks/_/tags/_	10.045	44
/commit/record/skyfeedBuilder/parent/blocks/_/id	9.25	12
/commit/record/skyfeedBuilder/parent/blocks/_/type	9.25	12
/commit/record/skyfeedBuilder/parent/blocks/_/_comment	7	7
/commit/record/skyfeedBuilder/parent/blocks/_/withCounts	7	7
/commit/record/policies/labelValueDefinitions/_/locales/_/description	6.923	41
/commit/record/policies/labelValueDefinitions/_/locales/_/lang	6.923	41
/commit/record/policies/labelValueDefinitions/_/locales/_/name	6.923	41
/commit/record/skyfeedBuilder/blocks/_/id	6.371	26
