opcode	name	messages_per_frame	bytes_per_frame	frames
22	DockAreaRaw	1.00	95025	90
81	LabelAtoms	32.84	2888	90
6	Button	37.00	1826	90
73	HoverText	6.93	968	90
62	Frame	2.93	243	90
27	End	26.87	215	90
140	SelectableLabel	7.00	214	90
10	Checkbox	4.82	202	90
141	Separator	12.73	192	90
87	MenuButton	5.00	150	90
128	RadioButton	3.00	117	90
179	Window	1.00	93	90
80	Label	1.00	76	90
0	AddSpace	5.00	60	90
158	TextEdit	1.00	47	90
9	CaptureUiRect	1.93	31	90
114	PanelBottom	1.00	25	90
115	PanelBottomInside	1.00	25	90
123	PanelTopInside	1.00	25	90
69	Horizontal	3.00	24	90
122	PanelTop	1.00	20	90
130	RequestRepaint	2.00	16	90
35	FetchCommandEnterPressed	1.00	8	90
36	FetchF1KeyPressed	1.00	8	90
37	FetchF2KeyPressed	1.00	8	90
38	FetchFrameMetrics	1.00	8	90
39	FetchGraphEvents	1.00	8	90
40	FetchGraphMetrics	1.00	8	90
41	FetchGraphSelection	1.00	8	90
42	FetchR10	1.00	8	90
43	FetchR16ScrollDelta	1.00	8	90
44	FetchR17Modifiers	1.00	8	90
45	FetchR18AvailableSize	1.00	8	90
46	FetchR19ZoomDelta	1.00	8	90
47	FetchR20Pointer	1.00	8	90
48	FetchR21UiRects	1.00	8	90
49	FetchR22StarvedTextures	1.00	8	90
50	FetchR23CanvasWheel	1.00	8	90
51	FetchR24CanvasPointers	1.00	8	90
52	FetchR25EtColWidths	1.00	8	90
53	FetchR26KeyCaptures	1.00	8	90
54	FetchR7	1.00	8	90
55	FetchR9EtPrefetch	1.00	8	90
56	FetchR9F64	1.00	8	90
58	FetchR9S	1.00	8	90
59	FetchR9U64	1.00	8	90
60	FetchVideoCapabilities	1.00	8	90
61	FetchVideoStreamInfo	1.00	8	90
68	GuiZoomZoomMenuButtons	1.00	8	90
86	MenuBar	1.00	8	90
117	PanelCentralInside	1.00	8	90
125	PrepareNextFrame	1.00	8	90
173	Vertical	1.00	8	90
